{
  "Name": "VoMPE",
  "Version": "1.1.0.0",
  "Factory Info": {
    "Vendor": "suzumushi",
    "URL": "https://suzumushi0.hatenablog.com",
    "E-Mail": "mailto:suzumushi9@gmail.com",
    "Flags": {
      "Unicode": true,
      "Classes Discardable": false,
      "Component Non Discardable": false,
    },
  },
  "Classes": [
    {
      "CID": "FFAE99B6C1EF50FD8A922F1B437EC7AE",
      "Category": "Audio Module Class",
      "Name": "VoMPE",
      "Vendor": "suzumushi",
      "Version": "1.1.0.0",
      "SDKVersion": "VST 3.7.12",
      "Sub Categories": [
        "Fx",
      ],
      "Class Flags": 1,
      "Cardinality": 2147483647,
      "Snapshots": [
        {
          "Scale Factor": 1,
          "Path": "Contents/Resources/Snapshots/FFAE99B6C1EF50FD8A922F1B437EC7AE_snapshot.png",
        },
        {
          "Scale Factor": 2,
          "Path": "Contents/Resources/Snapshots/FFAE99B6C1EF50FD8A922F1B437EC7AE_snapshot_2.0x.png",
        },
      ],
    },
    {
      "CID": "039A41F608365967875F47B0F2B0AA8C",
      "Category": "Component Controller Class",
      "Name": "VoMPEController",
      "Vendor": "suzumushi",
      "Version": "1.1.0.0",
      "SDKVersion": "VST 3.7.12",
      "Class Flags": 0,
      "Cardinality": 2147483647,
      "Snapshots": [
      ],
    },
  ],
}